title,timestamp,score
Facebook post,2025-06-17 19:56:56,0
RIP my Trading Career 6/13-6/27,2025-06-17 18:49:19,32
Who caught the $SPX Put today?,2025-06-17 17:50:31,31
"YOLOâ€™d my way through Nvidia highs, Boeing lows, and Dellâ€™s emotional support. ðŸ˜ŽðŸ“‰ðŸ’€",2025-06-17 16:31:42,20
Been a lucky June so far,2025-06-17 16:06:11,79
Man,2025-06-17 16:06:07,32
"What Are Your Moves Tomorrow, June 18, 2025",2025-06-17 15:57:34,124
had to visit the goats gravesite,2025-06-17 15:33:39,1118
Double up,2025-06-17 15:16:04,25
SPY Credit Spreads on the way up and Put Credit Spreads on the way down,2025-06-17 15:08:04,151
