title,timestamp,score,sentiment_score,smoothed_sentiment
Fannie Mae jumps 30 % pre market after one short remark,2025-05-22 07:06:47,1320,0.0,
UNEMPLOYMENT INSURANCE WEEKLY CLAIMS,2025-05-22 08:42:32,434,-0.4404,
One night 150K‚Ä¶.,2025-05-22 08:50:18,147,0.0,
Quick 90% profit on MSTR calls in 1 day,2025-05-22 09:43:34,55,0.4404,
$LUMN Just sold almost all its quantum fiber for $5.75B!!,2025-05-22 09:58:27,33,0.0,
‚ÄúI‚Äôm feeling lucky‚Äù,2025-05-22 10:15:28,99,0.128,
Free Money TLT,2025-05-22 10:41:38,86,0.5106,
Wish me luck regards,2025-05-22 11:13:51,51,0.6908,0.13536
$AMC Options are printing money.,2025-05-22 11:25:23,134,0.0,0.13536
UNH yolo,2025-05-22 11:39:31,34,0.2732,0.16472
511% in 2 days time for $IONQ,2025-05-22 11:49:37,65,0.0,0.21202666666666664
"$950->$24,500 in 3 trading weeks",2025-05-22 12:08:40,1171,0.0,0.21812666666666666
100 SPY 555P ‚Äî AUG 29TH EXPIRY ‚Äî LETS ROCK & ROLL,2025-05-22 12:22:37,40,0.0,0.21812666666666666
"$-100,000 Overdraft to my business checking account to YOLO SPX calls options.",2025-05-22 12:28:58,6089,0.4278,0.20959333333333333
250 - 83k on Google,2025-05-22 12:36:45,426,0.0,0.17555333333333334
$10.6k in 2.5 hours. Now I get to buy the 10 pack of nuggets!,2025-05-22 12:51:19,26,0.0,0.1295
43% jump today! Holy balls,2025-05-22 14:26:05,133,0.0,0.14616666666666667
"10.5k to spare change‚Ä¶ this week.  I give up, good luck",2025-05-22 14:28:51,137,0.7096,0.17895333333333333
UNH - YES IF COOKED IN THE CHAT,2025-05-22 14:34:10,71,0.5319,0.20574666666666666
Me likey!,2025-05-22 14:55:57,13,0.0,0.22982666666666668
"What Are Your Moves Tomorrow, May 23, 2025",2025-05-22 15:57:34,226,0.0,0.22982666666666668
When you believe. You believe. Five years in the making.,2025-05-22 16:33:44,2155,0.0,0.20130666666666666
Blew my account again,2025-05-22 16:40:59,142,0.0,0.20130666666666666
"IonQ Jumps 40% on Earnings Beat, Quantum Logistics Deal With Einride, and CEO's 'Nvidia of Quantum' Vision",2025-05-22 16:46:56,36,0.25,0.20130666666666666
"Intuit tops Wall Street estimates after tax season, issues strong guidance",2025-05-22 17:14:21,17,0.765,0.22104
Trump to sign orders to boost nuclear power & uranium mining,2025-05-22 18:15:12,3302,0.4019,0.21179333333333333
Thank you papa karp,2025-05-22 18:25:28,281,0.3612,0.17633333333333331
QBTS baggie,2025-05-22 19:39:41,28,0.0,0.17633333333333331
Guys! The casino has a 24/7 mode now!,2025-05-22 19:47:35,179,0.0,0.17633333333333331
How efffed am I,2025-05-22 19:48:05,53,0.0,0.17633333333333331
"Following through with this one, bought at the sell off the other day.",2025-05-22 21:01:05,33,0.0,0.17633333333333331
I took $100K from our house sale and bought 303 shares of UNH. Wife thinks it's in a high-yield savings account.,2025-05-22 22:08:44,10197,0.296,0.15966666666666665
"Impressive, very nice. Now let's see Paul Allen's losses.",2025-05-22 23:30:40,702,0.5709,0.13274666666666668
"Daily Discussion Thread for May 23, 2025",2025-05-23 05:57:27,240,0.0,0.10595333333333333
WSB in the news.,2025-05-23 07:08:34,1427,0.0,0.10454000000000001
It's all about Apples and Oranges,2025-05-23 08:57:47,76,0.0,0.10454000000000001
This is why we hold,2025-05-23 09:34:33,388,0.0,0.10454000000000001
Weekly Earnings Thread 5/26 - 5/30,2025-05-23 09:41:40,188,0.0,0.07161333333333333
"This will print right, I followed WSB daily post advice",2025-05-23 09:42:31,56,0.0,0.06140666666666667
Rolled $450K from my $7M LCID position into AMC at $3.09 ‚Äî trend line break with follow-through + meme sympathy setup,2025-05-23 10:03:40,52,0.3612,0.04167333333333333
Big ü•ú Small üß†,2025-05-23 10:16:34,39,0.0,0.003613333333333335
trump nuclear EO quick gains,2025-05-23 10:23:10,40,0.34,0.042673333333333334
I have relapsed into UVIX,2025-05-23 10:36:39,133,0.0,0.042673333333333334
$30k > $135k,2025-05-23 12:16:07,183,0.0,0.07203333333333334
Fuck this weeküîªüòî,2025-05-23 12:17:18,465,-0.4939,0.023573333333333335
No clue what MVST does but Y‚Äôall told me about it,2025-05-23 13:07:36,60,-0.1531,0.04765333333333334
"UNH printed, and so did my puts ‚Äî +59% in a day.",2025-05-23 13:13:40,65,0.0,0.04765333333333334
20k TSLA Put 6/27 $300p,2025-05-23 13:15:58,83,0.0,0.06603333333333335
99% of gamblers quit before their big win,2025-05-23 13:34:07,1357,0.5859,0.06603333333333335
Did any other bear make money?,2025-05-23 13:35:29,15,0.0,0.08419333333333334
Thanks GOOGL,2025-05-23 13:44:47,754,0.4404,0.08419333333333334
Revenge traded my losses back from AAPL,2025-05-23 13:48:19,30,-0.7269,0.10686000000000001
Let's try like this - I bought today AES and PFE,2025-05-23 13:54:33,13,0.3612,0.1397866666666667
Venture Global (VG) Set to Become the Largest LNG Player in America,2025-05-23 13:54:43,19,0.0,0.14999333333333334
Typical day for my heart and my chart,2025-05-23 14:11:18,59,0.6369,0.1754466666666667
Spy puts printed. I didn‚Äôt sell fast enough this morning‚Ä¶,2025-05-23 14:11:52,31,0.0,0.1754466666666667
Thank You ü•≠ Ez 75% in 1.5 mins,2025-05-23 14:32:13,39,0.6124,0.1363866666666667
Wendy's application is on hold,2025-05-23 14:46:04,104,0.0,0.1363866666666667
Next play - all in on draftkings $DKNG,2025-05-23 14:48:59,52,0.34,0.15051333333333336
APPL calls,2025-05-23 15:32:53,51,0.0,0.19897333333333336
Tarrifs = Puts? Not in this Economy,2025-05-23 15:36:09,223,0.0,0.19756
Informatica soars 23% as Salesforce reportedly revives acquisition talks,2025-05-23 15:39:59,28,0.3818,0.19756
"Weekend Discussion Thread for the Weekend of May 23, 2025",2025-05-23 15:57:42,172,0.0,0.15510000000000002
Trump greenlights Nippon merger with US Steel,2025-05-23 16:04:49,3602,0.0,0.17776666666666668
spy puts go in the money,2025-05-23 17:02:44,35,0.0,0.13694
"OK Gains, I Guess",2025-05-23 17:53:28,46,0.6523,0.13694
US steel gainz,2025-05-23 18:16:44,79,0.0,0.06888666666666668
"NVDA & GOOG Puts Gains, Sold All Puts on Market Open",2025-05-23 18:50:20,65,0.34,0.06888666666666668
ATH in june,2025-05-23 22:07:28,238,0.0,0.10737333333333335
if at first it doesn‚Äôt work,2025-05-23 22:11:47,145,0.0,0.08192000000000002
Is it too late to post UNH gains?,2025-05-24 01:38:14,91,0.34,0.08192000000000002
Nvidia to launch cheaper Blackwell AI chip for China after U.S. export curbs,2025-05-24 09:43:42,523,0.0,0.0682066666666667
What a week üòÆ‚Äçüí®,2025-05-24 09:47:35,203,0.0,0.0682066666666667
I recently discovered NVDA options are a hell of a Drug,2025-05-24 11:26:17,656,-0.6808,0.024720000000000023
Realistically what is going to happen with TSLA robotaxi launch,2025-05-24 13:25:41,425,0.0,0.024720000000000023
never kill yourself,2025-05-24 14:30:09,7719,0.5773,-0.05138666666666665
I wish Klarna‚Äôs IPO happened before they reported the massive losses,2025-05-24 15:12:48,755,0.0,-0.05138666666666664
UNH call,2025-05-24 17:56:14,103,0.0,-0.05138666666666664
See you at 25k if not oh well,2025-05-24 17:58:56,57,-0.2057,-0.06551999999999997
ALL OR NOTHING.,2025-05-24 18:03:57,284,0.0,-0.09729999999999998
"Sold puts on NVDA, got assigned, now have $250,000 on 2X leveraged NVDA ETF - will hold into earnings - If Tuesday holds.",2025-05-24 18:56:01,165,0.0,-0.09729999999999998
Mapping Trump Announcement impacts on stock market since January 2025. Most of them happen in the Wednesday and Thursday Morning,2025-05-24 19:35:01,4141,0.0,-0.021326666666666643
[With Clear Positions] Analysts Expect First EPS Drop Since 2022!? Why They're Dead Wrong,2025-05-24 19:36:03,33,-0.8016,-0.021326666666666643
Who riding the $UNH train with me üöÇüöÇüöÇ,2025-05-24 20:12:37,790,0.0,-0.05981333333333331
First post ROST put,2025-05-25 11:25:37,51,0.0,-0.05981333333333331
"Repost of my DD for VVX, $1.5B company with over $15 billion in defense contracts and 50% institutional ownership",2025-05-25 11:28:04,216,0.128,-0.05981333333333331
"i am out degens. Googl, you r terrible",2025-05-25 12:07:05,4100,-0.4767,-0.04609999999999998
$UNH CALL$,2025-05-25 13:05:03,306,0.0,-0.06583333333333331
Are gamblers welcome?,2025-05-25 15:12:51,88,0.4588,-0.03405333333333331
"What Are Your Moves Tomorrow, May 26, 2025",2025-05-25 15:57:45,203,0.0,-0.03405333333333331
NVDA to $160,2025-05-25 16:57:03,544,0.0,0.019386666666666687
UNH is not going back to > $400,2025-05-26 00:18:22,1342,0.0,0.019386666666666687
Fox class A stocks and Tubi TV the underdog?,2025-05-26 02:40:48,46,0.0,0.019386666666666687
"Daily Discussion Thread for May 26, 2025",2025-05-26 05:57:41,159,0.0,0.04021333333333336
Dollar under pressure as tariffs start to stir things up again,2025-05-26 09:26:31,472,-0.296,0.09607333333333336
NVIDIA Artificial Intelligence,2025-05-26 09:45:42,258,0.4767,0.1158066666666667
$AMC 20k$ call bet for Memorial Weekend pump,2025-05-26 10:11:28,190,0.0,0.08522000000000003
Here s how my gambling went last week. How s yours going?,2025-05-26 12:24:40,200,0.0,0.08522000000000003
"What Are Your Moves Tomorrow, May 27, 2025",2025-05-26 15:57:32,225,0.0,0.08522000000000003
30k TSLA Puts,2025-05-26 17:59:12,490,0.0,0.08522000000000003
Thanks Google,2025-05-26 19:01:08,4091,0.4404,0.08522000000000003
I‚Äôm ready for Wednesday,2025-05-26 22:09:47,323,0.3612,0.09870666666666669
Google's search share falls below 90% - is AI the new king of search?,2025-05-26 23:45:12,1290,0.296,0.12102000000000003
$RKLB is about to üåô,2025-05-27 04:46:01,387,0.0,0.08924000000000001
"Daily Discussion Thread for May 27, 2025",2025-05-27 05:57:29,253,0.0,0.08924000000000001
A note of thanks‚Ä¶,2025-05-27 08:03:27,394,0.0,0.1264
Cooked? Or wait till exp date?,2025-05-27 10:43:08,127,0.0,0.12125333333333337
posting for the karma ‚ó°Ãà,2025-05-27 11:11:07,69,0.0,0.15332
Treasury Auctions this week. Puts on SPY,2025-05-27 11:25:51,261,0.2023,0.12396000000000003
Was waiting for it to hit $590 but doesn‚Äôt seem to be in reach.,2025-05-27 11:28:27,243,0.0387,0.13499333333333335
UNH : Cooked or wait till exp date?,2025-05-27 11:32:16,45,0.0,0.14378000000000002
6k -> 18k in 5 mornings ggs,2025-05-27 11:35:26,54,0.0,0.16786000000000004
NVDA & GOOGL gains. AVG shares prices $105 and $142,2025-05-27 11:49:40,126,0.5574,0.16786000000000004
It‚Äôs just dumb luck +10.8k,2025-05-27 11:58:45,269,-0.0772,0.16786000000000004
NVDA Earning YOLO!,2025-05-27 12:12:57,29,0.481,0.20692000000000005
Should I sell?,2025-05-27 12:14:56,28,0.0,0.23750666666666667
CRWV this move...do I pocket my 251% gain or keep betting,2025-05-27 12:17:35,369,0.5267,0.22402
$UNH YOLO (1st time YOLO-er),2025-05-27 12:52:37,48,0.4278,0.26904000000000006
Thank you RKLB,2025-05-27 13:53:52,908,0.3612,0.26904000000000006
How are we not cucked in June?,2025-05-27 13:58:43,1907,0.0,0.26904000000000006
A fellow WSB degenerate told me to double my last post üí∞,2025-05-27 14:18:27,95,0.0,0.23188
Another win for Monday market,2025-05-27 15:08:23,688,0.5859,0.2809
Apple Plans to Launch Dedicated Video Gaming App for Its Devices,2025-05-27 15:49:00,100,0.4588,0.24883333333333335
"What Are Your Moves Tomorrow, May 28, 2025",2025-05-27 15:57:33,219,0.0,0.24883333333333335
The path to profitability is boring but ensures the long run success.,2025-05-27 16:27:15,251,0.714,0.21372
AAPL went up today,2025-05-27 16:58:08,17,0.0,0.1852
Rocket Lab Acquires Geost - RKLB - End to End Space Services!,2025-05-27 17:06:15,71,0.0,0.18964
Do any of these hit ? Or am i cooked ..,2025-05-27 17:15:46,26,0.0,0.18964
Should I sell?? Still plenty of time. $NVDA partnership FTW!,2025-05-27 17:19:17,43,0.6581,0.18964
"What‚Äôs your favourite past time, after loosing half your savings?",2025-05-27 17:31:40,400,0.0,0.10660000000000001
$RKLB up 18% after hours post Geost acqusition,2025-05-27 17:36:23,534,0.0,0.07601333333333334
CLSKW,2025-05-27 17:49:19,18,0.0,0.07601333333333334
NVIDIA suppliers speed up production of racks for AI data centers,2025-05-27 18:03:04,28,0.0,0.06557333333333334
$DECK $110 7/18 Calls (~$50k YOLO),2025-05-27 18:05:34,30,0.4278,0.06557333333333334
"I‚Äôm still here, MRVL Calls 08/15",2025-05-27 18:19:39,23,0.0,0.06557333333333334
50k on NVDA,2025-05-27 18:27:56,46,0.0,0.09961333333333335
How fucked am I,2025-05-27 18:28:18,618,-0.6597,0.012500000000000022
I think I‚Äôll ride this out a little longer,2025-05-27 20:34:56,203,0.0,-0.031186666666666644
Time to sell PLTR?,2025-05-27 21:37:59,247,0.0,-0.047259999999999976
ANET (NVDA Sympathy Yolo). 96.5 May 30 call,2025-05-27 21:48:16,26,0.5574,-0.047259999999999976
‚ÄúGoogle thoughts‚Äù,2025-05-27 23:13:13,156,0.0,-0.047259999999999976
+$19k on the month so far. Staying consistent despite a few L‚Äôs,2025-05-28 01:01:28,80,0.0,-0.047259999999999976
My confidence in the Platinum bull run of 2025 (PPLT @ $100k),2025-05-28 01:37:09,15,0.5106,-0.047259999999999976
"Japan's bond market ignites fears of outflows from U.S., carry trade unwind and market turmoil",2025-05-28 02:06:42,526,-0.6486,-0.047259999999999976
Why is Novo Nordisk (NVO) getting crushed? Down ~50% from last summer‚Äôs high ‚Äî what am I missing?,2025-05-28 03:31:07,305,-0.6553,0.04939333333333336
Not sure what to do next -Crypto/Coinbase,2025-05-28 03:55:11,17,-0.2411,0.07812666666666669
You all told me to sell and guess what I did?,2025-05-28 06:12:21,1036,0.0,0.07812666666666669
"Daily Discussion Thread for May 28, 2025",2025-05-28 06:14:47,257,0.0,0.07146000000000002
"$BE 150k YOLO, Waiting For News.",2025-05-28 08:55:59,25,0.4278,0.09691333333333335
Are we still long UNH around here?,2025-05-28 09:09:04,135,0.0,0.09691333333333335
ANF was obvious,2025-05-28 09:40:13,31,0.0,0.04466000000000001
Exit early!You‚Äôre only a real winner when you take the profits,2025-05-28 09:53:20,136,0.7901,0.0681666666666667
Double down from a month ago wasn't such a bad idea afterall üòâ,2025-05-28 10:00:03,91,0.431,0.11185333333333336
Reddit (RDDT) getting added to all Russell indexes June 27th,2025-05-28 10:14:22,710,0.0,0.14459333333333335
It expired on 5.30 and I've been convinced he'll go back up!,2025-05-28 10:34:38,19,0.4574,0.16280666666666666
NVDA 50K Put credit spread,2025-05-28 10:45:32,312,0.3818,0.21276666666666666
"+$46k on AVGO, moving it all into NBIS",2025-05-28 11:06:58,42,0.0,0.18424666666666667
Buy high sell low,2025-05-28 12:26:01,217,-0.2732,0.18424666666666667
Should I sell before earnings or no,2025-05-28 12:28:29,114,-0.296,0.2136066666666667
NFLX traded above expectations,2025-05-28 12:31:42,27,0.0,0.13414
"Should I put the fries in the bag now, or wait until after earnings? ($AI, $CRM earnings plays)",2025-05-28 13:20:02,23,0.25,0.07614666666666667
$RXRX YOLO,2025-05-28 13:58:45,19,0.2732,0.06106000000000001
"$FNMA & $ FMCC TO THE MOON!  You better get some while the getting is good.  1,826.42% and going, going, gone, 1 account out of 4!",2025-05-28 14:12:16,50,0.7494,0.03056666666666668
$14k on RDDT calls,2025-05-28 14:52:14,177,0.0,0.005113333333333347
Trump orders U.S. firms to halt chip software sales to China,2025-05-28 15:46:07,1994,0.0,0.005113333333333347
$AVGO profits totaled $493%,2025-05-28 15:48:02,201,0.4404,0.05012000000000002
"Before collecting losses, a regard always waits",2025-05-28 15:55:33,486,-0.4019,0.06985333333333335
Caught the SPX dump $1000 to $4750 in 10 minutes on $5900p 0DTE!,2025-05-28 16:07:53,110,-0.4389,0.06985333333333335
"HP sinks 15% as company misses on earnings, guidance due to 'added cost' from tariffs",2025-05-28 16:20:15,878,-0.2263,0.038100000000000016
Nvidia earnings are out ‚Äì here are the numbers,2025-05-28 16:23:33,1300,0.0,0.03962000000000001
"What Are Your Moves Tomorrow, May 29, 2025",2025-05-28 16:26:37,218,0.0,-0.010339999999999986
"Tesla targets June 12 launch for robotaxi service in Austin, Bloomberg News reports",2025-05-28 16:54:49,59,0.0,-0.010339999999999986
"FUBO Gearing Up for Disney Deal ‚Äî Clean 8-K, $20 PT üöÄ",2025-05-28 16:58:17,91,0.4019,0.023700000000000016
See you in Premarket NVDA bears,2025-05-28 17:27:33,2820,0.0,-0.017519999999999984
Should I exit or Let them assigned at expiration?,2025-05-28 18:32:53,102,0.0,0.009273333333333349
FUTURES RISE AS FEDERAL TRADE COURT BLOCKS TRUMP'S GLOBAL TARIFFS,2025-05-28 19:18:59,27506,-0.2263,0.03853333333333335
DISNEY prospects,2025-05-28 19:29:16,35,0.296,0.053620000000000015
Hoodigan,2025-05-28 20:34:57,68,0.0,0.053620000000000015
hey it‚Äôs me again,2025-05-28 20:59:37,875,0.0,0.053620000000000015
"17k yolo, someone tell me it‚Äôll be ok",2025-05-28 21:19:20,70,0.5106,0.053620000000000015
Credit default swaps are in demand again ‚Äî experts say fears are overblown,2025-05-28 21:20:57,771,-0.1779,0.07950666666666668
Only thing higher than my calls is my ego right now,2025-05-29 00:36:00,53,0.0,0.10802666666666669
Oscar Due Diligence - Crab Pattern Spotted $22+ Breakout,2025-05-29 01:41:33,536,0.0,0.07866666666666669
"Daily Discussion Thread for May 29, 2025",2025-05-29 05:57:32,290,0.0,0.11642000000000001
Y'all told me to sell when fmcc was under $1,2025-05-29 07:53:47,797,0.0,0.0949666666666667
Lfg!,2025-05-29 09:37:37,102,0.0,0.1374266666666667
US economy shrank at 0.2% rate in first quarter,2025-05-29 09:50:33,5335,0.0,0.17254000000000003
I invest solely based on if it sounds cool and these metal ocean rocks sounded hella neat ü™® üóø TMC gains üìà,2025-05-29 09:57:19,63,0.7902,0.11442000000000001
+255% on CRWV $106 Calls in 24h ‚Äî YOLO paid off.,2025-05-29 10:00:44,142,0.4278,0.12628
"U.S. weekly initial unemployment claims rise by 14,000",2025-05-29 10:28:59,2666,-0.4404,0.12628
NVDA option Gains,2025-05-29 10:51:38,74,0.34,0.1548
How screwed am I? I thought we were going to finally reach $600 this week. Pls help,2025-05-29 11:48:38,282,-0.0258,0.2021466666666667
My best return is on a stock I didn‚Äôt know I owned until today ü§¶‚Äç‚ôÇÔ∏è,2025-05-29 11:57:17,2407,0.6369,0.25115333333333334
Took the gain on reddit,2025-05-29 12:03:50,57,0.5267,0.25115333333333334
"I trade high volume, some of the entries/exists were totally regarded. Lots of regrets, mistakes to learn from but overall, I'm trending up.",2025-05-29 12:04:14,23,-0.3612,0.2883133333333333
Wendys or Lambo?,2025-05-29 12:16:51,38,0.0,0.23563333333333336
CEO Jensen Huang to Sell $800 Million of Nvidia Stock,2025-05-29 12:53:44,2636,0.0,0.2268466666666667
ABNB üåà üêª YOLO,2025-05-29 13:11:24,43,0.4278,0.29024666666666665
Nice Little Gain,2025-05-29 13:16:24,90,0.7102,0.29303333333333337
Thanks üåΩ it was fun while it lasted,2025-05-29 15:55:08,22,0.7351,0.29475333333333337
"What Are Your Moves Tomorrow, May 30, 2025",2025-05-29 15:57:33,223,0.0,0.2969333333333334
Dell shares climb after company raises full-year profit outlook on AI demand,2025-05-29 16:18:02,29,0.5574,0.26182
Chipmaker Marvell forecasts second-quarter revenue above estimates,2025-05-29 16:21:03,41,0.0,0.2859
"Dell Technologies (DELL) reported late Thursday fiscal Q1 non-GAAP net income of $1.55 per diluted share, up from $1.32 a year earlier.",2025-05-29 16:34:07,116,0.296,0.2859
Costco tops earnings and revenue estimates as sales jump 8%,2025-05-29 16:53:48,6165,0.5106,0.2859
I did it again. ULTA put credit spread 22K.,2025-05-29 16:57:09,72,0.3818,0.2859
Could this be a money printer at market open ? üëÄ,2025-05-29 17:40:30,122,0.0,0.24708666666666668
"NVIDIA's AI dominance is solid! Q1 data center business carries the flag, demand remains strong, the second half of the year may usher in a",2025-05-29 17:55:27,70,0.6696,0.24828666666666666
Tariffs will cost Gap up to $300 million,2025-05-29 18:39:45,408,0.0,0.24828666666666666
$155 NVDA by July 3rd 2025,2025-05-29 20:23:13,41,0.0,0.21112666666666666
$PBI - Now is the time!,2025-05-29 20:51:38,42,0.0,0.21112666666666666
"I joined the life savings/mortgage guy‚Ä¶to a lesser extent, on $UNH",2025-05-29 22:20:58,104,0.0,0.19139333333333336
I jumped in feet first. Tell me how my TSM YOLO will hold up.,2025-05-29 22:44:37,64,0.4278,0.15735333333333335
"USD 250,000 worth of Salesforce purchased, My family doesn‚Äôt know. Did i screw up?",2025-05-30 00:16:34,1551,0.128,0.16042000000000003
CLBR - $70k YOLO - Donald Trump Jr gonna make me rich ü§ë,2025-05-30 00:17:35,106,0.7531,0.16042000000000003
Seen a couple of UNH posts ...,2025-05-30 01:57:42,66,0.0,0.11578000000000001
"Daily Discussion Thread for May 30, 2025",2025-05-30 05:57:44,239,0.0,0.1443
Should I get out now,2025-05-30 07:56:04,92,0.0,0.1443
Quantum Scamming Inc: The Big Short Nobody Saw Coming,2025-05-30 09:43:02,1651,0.0,0.1443
Weekly Earnings Thread 6/2 - 6/6,2025-05-30 10:52:51,169,0.0,0.15991333333333335
CLBR 560k YOLO,2025-05-30 10:57:20,157,0.4278,0.13139333333333336
CLBR Position,2025-05-30 11:47:12,50,0.0,0.12286000000000001
Odte PLTR bear call spreads,2025-05-30 11:49:19,15,0.0,0.12223333333333336
YOLO CLBR Orange Jr meeting hedge funds next Tuedsday,2025-05-30 12:19:46,55,0.4278,0.12223333333333336
Up 800K YTD,2025-05-30 12:21:28,1461,0.0,0.12223333333333336
JUN 20 25 500 Put,2025-05-30 13:01:41,19,0.0,0.12223333333333336
Finally broke my 2 days L streak,2025-05-30 13:03:06,144,0.2342,0.12223333333333336
Wendys or In N Out?,2025-05-30 13:49:42,36,0.0,0.12223333333333336
Was up by 100% until Trump talked about deportations,2025-05-30 14:58:54,562,0.0,0.09371333333333336
"$PLTR      ""HAPPY FRIDAY EVERYONE""   WHAT A ROLLERCOASTER DAY!  + $42,289 TODAY  pltr goes up pltr goes down!   DAY CASINO OPEN!",2025-05-30 15:17:13,49,0.7437,0.12223333333333336
Gay bears eat steak tonight.,2025-05-30 15:29:46,65,0.0,0.08608000000000002
Should I sell PLTR? Up 1100%,2025-05-30 15:47:31,3951,0.0,0.05756000000000002
The first step on the road to Wendy's,2025-05-30 15:48:17,301,0.0,0.05756000000000002
"Weekend Discussion Thread for the Weekend of May 30, 2025",2025-05-30 15:57:24,169,0.0,0.05756000000000002
UNH Jan 16th 2026 exp,2025-05-30 16:15:56,33,0.0,0.04194666666666669
14k -> 18k on RDDT calls,2025-05-30 16:22:37,54,0.0,0.07706000000000003
You never know unless you YOLO,2025-05-30 18:33:53,173,0.4278,0.07706000000000003
Shout out to all the bad girls for spending this quarter üíÖ,2025-05-30 19:18:41,193,-0.5423,0.027480000000000015
All or Nothing,2025-05-30 19:24:39,20,0.0,0.05600000000000002
Unite for UNH,2025-05-30 20:13:39,94,0.0,0.05600000000000002
How cooked am I? I forgot to close this...,2025-05-30 21:03:29,58,0.0,0.05600000000000002
YTD check-in,2025-05-30 21:13:06,1212,0.0,0.05600000000000002
150k gain on RKLB,2025-05-30 21:47:52,166,0.5267,0.08452000000000001
Most I‚Äôve made in a single trade,2025-05-30 21:53:08,461,0.0,0.12985333333333335
I‚Äôll take it,2025-05-30 22:25:59,72,0.0,0.11954666666666669
UNH YOLO & Thesis,2025-05-30 23:59:01,192,0.4278,0.15570000000000003
How high can it go?,2025-05-31 02:30:59,268,0.0,0.12511333333333335
momey,2025-05-31 09:05:16,552,0.0,0.12511333333333335
What a week üòÆ‚Äçüí®,2025-05-31 11:24:05,116,0.0,0.12511333333333335
YOLO nvda calls,2025-05-31 15:04:48,145,0.4278,0.1433266666666667
Thanks for the gains Vlad!,2025-05-31 18:37:04,231,0.68,0.10821333333333336
UNH YOLO,2025-06-01 01:23:48,114,0.2732,0.11336000000000003
How cooked am I?,2025-06-01 03:30:43,93,0.0,0.11336000000000003
Tariff cheat code,2025-06-01 08:23:54,2135,-0.4588,0.08484000000000003
"What to Expect in the Markets This Week: June 2‚Äì6, 2025",2025-06-01 09:08:47,408,0.0,0.08484000000000003
$30k interest-free margin loan idea,2025-06-01 11:13:05,958,0.0,0.08484000000000003
$UNH YOLO,2025-06-01 12:47:58,88,0.2732,0.08484000000000003
$JACK recovery?  Or insolvency?,2025-06-01 12:51:09,357,0.0,0.05632000000000003
WSB Emoij collection for people who want to keep using these after June 4TH,2025-06-01 15:23:38,3255,0.0772,0.05963333333333336
"What Are Your Moves Tomorrow, June 02, 2025",2025-06-01 15:57:31,207,0.0,0.041420000000000026
Wendy‚Äôs or TACO Bell?,2025-06-01 23:54:12,73,0.0,0.041420000000000026
"Daily Discussion Thread for June 02, 2025",2025-06-02 05:57:33,253,0.0,0.09467333333333336
¬£20k in one month NVDA calls,2025-06-02 08:17:39,45,0.0,0.09467333333333337
Applied Digital ($APLD) Announces 250MW AI Data Center Lease With CoreWeave ($CRWV),2025-06-02 08:31:37,145,0.0,0.09467333333333337
My Very First Call Option Trade. Is This Normal?,2025-06-02 09:50:16,1108,0.0,0.07646000000000003
Yolo 60k CLBR BRING DEM GUNZ SHIPPING FREE,2025-06-02 10:26:14,125,0.7297,0.07646000000000003
GDX: these gold mining stocks are literal gold mines!,2025-06-02 11:15:27,91,0.0,0.11015333333333337
Robbin‚Äô da hood,2025-06-02 11:20:47,1099,0.0,0.13498000000000004
FNMA & FMCC Gains,2025-06-02 11:47:55,117,0.34,0.13498000000000004
One thing I‚Äôve learned in years of trading: ALWAYS add to your losers‚Ä¶,2025-06-02 12:25:14,184,0.0,0.13498000000000004
HOOD Spy Inclusion June 6th?,2025-06-02 13:00:22,49,0.0,0.13498000000000004
Silver comes after gold AG SILJ,2025-06-02 13:41:34,52,0.0,0.12813333333333338
BYD - the next Evergrande?,2025-06-02 14:12:20,21,0.0,0.1478666666666667
"Cost was $10.30, sold at $17! A total of 35 contracts! Made $23K in profit!",2025-06-02 15:19:24,271,0.5826,0.1321466666666667
No crying in the casino,2025-06-02 15:35:03,4363,0.3724,0.1321466666666667
I think bear is done‚Ä¶. Give up,2025-06-02 15:40:33,164,0.0,0.16066666666666668
"What Are Your Moves Tomorrow, June 03, 2025",2025-06-02 15:57:32,202,0.0,0.1182666666666667
GOOG to 200,2025-06-02 16:23:45,293,0.0,0.1182666666666667
My revenge will be sweet,2025-06-02 17:02:39,72,-0.1027,0.14506000000000002
Held 850 shares of Boeing for a year and a half to make $250,2025-06-02 17:42:30,329,0.296,0.1253266666666667
Put all my eggs in to one basket and got rewarded APLD,2025-06-02 18:11:49,124,0.4939,0.15825333333333338
Wendys or Jack in the Box?,2025-06-02 19:56:07,28,0.0,0.11941333333333336
CLBR YOLO: Trump Jr-backed merger with GrabAGun soon,2025-06-02 21:15:49,425,0.4278,0.0945866666666667
"PUTS on QBTS - no product yet, too much run up on quantum theme.",2025-06-02 21:52:11,75,-0.296,0.0945866666666667
All in OSCR,2025-06-02 22:34:20,36,0.0,0.0945866666666667
Two months of active trading. Down half my portfolio,2025-06-02 23:09:43,185,0.4019,0.10967333333333336
Typical middle of the day panic meltdown yolo,2025-06-02 23:28:13,9063,-0.296,0.1391866666666667
My last attempt to save my portfolio,2025-06-03 00:38:28,46,0.4939,0.13454000000000002
weride to moon,2025-06-03 01:35:58,23,0.0,0.12428000000000004
Tariffs - are we in a win-win scenario?,2025-06-03 03:00:14,212,0.0,0.12428000000000004
ATT leaps: Trying to make a dollar out of 15 cents,2025-06-03 05:17:16,917,0.0,0.11984000000000003
"Daily Discussion Thread for June 03, 2025",2025-06-03 05:57:50,195,0.0,0.10553333333333334
"JOBY, Saudi investor eye air taxi deal worth up to $1 billion",2025-06-03 08:58:47,134,0.2263,0.06938000000000002
"Hims & Hers gains 8% premarket after announcing Zava acquisition, expansion to 3 countries, 1.3M new customers",2025-06-03 09:30:06,130,0.34,0.042586666666666696
Presss F to pay respects,2025-06-03 09:34:20,61,0.2263,0.1096266666666667
"Play stupid games, win stupid prizes",2025-06-03 09:54:39,55,0.34,0.07670000000000003
U.S. Factory Orders(MOM) are down by a lot,2025-06-03 10:06:55,222,0.0,0.07670000000000003
I'm ready to earn some Kohl's Kash,2025-06-03 10:13:15,45,0.3612,0.07670000000000003
Buying Nancy‚Äôs Picks on a dip is the only thing I‚Äôm tryna put my dick in. üë∏üë∏üë∏,2025-06-03 10:13:50,170,-0.5106,0.10522000000000004
Saw HIMS surge and said fuck it puts it is and a NVDA bag too,2025-06-03 10:30:33,39,-0.5423,0.10522000000000004
That‚Äôs it. I quit.,2025-06-03 10:41:10,1263,0.0,0.09013333333333337
$AVGO gambling + luck = $28K profit,2025-06-03 11:22:00,102,0.7096,0.0674666666666667
Should I end it all?,2025-06-03 11:46:25,668,0.0,0.07059333333333336
Sold every single stock I had to invest in APLD two months ago,2025-06-03 11:58:07,74,0.0,0.04792666666666669
ATYR - aTYr pharma,2025-06-03 12:12:14,33,0.0,0.021133333333333358
ROBIN-DA'HOOD YOLO 150k+,2025-06-03 12:20:23,211,0.4278,0.03912000000000003
Sold too early,2025-06-03 13:29:00,104,0.0,0.07316000000000003
Trump to sign a directive today formally raising steel and aluminum tariffs to 50% from 25%,2025-06-03 14:06:36,3424,0.0,0.1275266666666667
Early 2020 - TSLA Rally,2025-06-03 14:16:30,11,0.0,0.1275266666666667
Tsla puts yolo,2025-06-03 14:34:21,117,0.2732,0.08022000000000003
i said ath in june,2025-06-03 15:22:33,605,0.0,0.05086000000000002
"Welp... got ""regulated"". In your opinion what could be the problem with these option trades?",2025-06-03 15:30:50,37,-0.4019,0.05086000000000003
"I know this is nothing compared to people who know what they're doing, but I'm proud of this.",2025-06-03 15:40:50,346,0.631,0.01908000000000003
CRWV calls printing harder than my ex‚Äôs texts after I made money üí∞üöÄ,2025-06-03 15:49:03,51,0.0,-0.009439999999999971
PLTR calls hit harder than my ex‚Äôs texts at 2AM üìàüíî,2025-06-03 15:54:24,26,0.2732,-0.009439999999999971
"What Are Your Moves Tomorrow, June 04, 2025",2025-06-03 15:57:49,208,0.0,-0.01964666666666664
AH ü•ú,2025-06-03 16:35:35,11,0.0,-0.01964666666666664
CrowdStrike drops 6.7% on weak Q2 forecast amid soft tech spending,2025-06-03 16:57:31,159,-0.4404,-0.01812666666666664
First option trade....Coreweave,2025-06-03 17:46:38,56,0.0,-0.03785999999999998
Dollar General is the grocer of my ancestors (too poor for Walmart),2025-06-03 17:59:19,190,-0.4767,0.02071333333333336
Options advise?,2025-06-03 19:09:24,11,0.0,-0.021353333333333304
5 years of grinding. Back to 0 baby,2025-06-03 19:21:37,1808,0.0,-0.021353333333333304
Five Below Will Crush Earnings,2025-06-03 19:21:47,37,-0.1531,-0.08426666666666664
Wendys or McDonalds,2025-06-03 19:24:01,57,0.0,-0.08426666666666664
Solidarity with the other guy posting GOOG call daily,2025-06-03 20:57:20,119,0.296,-0.11937999999999997
"Was walking by and saw the place, figured I'd stop in and have a drink.",2025-06-03 23:06:16,367,-0.296,-0.07028666666666662
i bought 550 Shares of $Hims. Its over hyped on X.. What you think about them? i still hold $250K worth salesforce,2025-06-04 02:32:42,21,0.4767,-0.07028666666666664
First Ten bagger (leap),2025-06-04 02:39:09,114,0.0,-0.03850666666666663
China Weighs Ordering Hundreds of Airbus Jets in Major Deal,2025-06-04 03:36:01,1101,0.0,-0.007919999999999967
I Turned $15K into $353k‚Ä¶ Then Lit It All on Fire in 2 Weeks. I‚Äôm Reborn. I‚Äôm Broken. I‚Äôm Back.,2025-06-04 04:56:18,8412,-0.6705,0.014746666666666701
"Daily Discussion Thread for June 04, 2025",2025-06-04 05:57:27,207,0.0,0.02495333333333337
I am about to puke,2025-06-04 06:18:50,541,-0.5267,0.02495333333333337
ATYR shares taking off,2025-06-04 07:19:23,37,0.296,0.044280000000000035
Gainz $ATYR,2025-06-04 07:44:35,33,0.0,0.06401333333333337
Throwing it all on 0DTEs Again,2025-06-04 07:46:10,68,0.0,0.06282000000000003
Whats my next long term stock after reaching 1k shares in NVDA?,2025-06-04 08:00:38,215,0.4588,0.09793333333333336
$401K Gains YTD With 88.5%,2025-06-04 08:40:22,602,0.34,0.06983333333333336
$APLD: This ain‚Äôt a stock. It‚Äôs a launchpad. Public Pureplay on the AI Bottleneck.,2025-06-04 09:24:20,121,0.0,0.1327466666666667
Any near-term weakness in the S&P 500 will provide a ‚Äúbuy-low‚Äù opportunity,2025-06-04 09:59:13,57,0.0,0.1327466666666667
1.3m $RDDT Bet - Too Many Ways to Win,2025-06-04 10:53:04,875,0.5859,0.16786000000000004
SanDisk ($SNDK) due diligence DD,2025-06-04 10:56:59,77,0.0,0.19058666666666665
The result of the gambler's skill combined with luck,2025-06-04 11:14:11,58,0.4588,0.22569999999999998
PLTR Gain $13K -> $72K,2025-06-04 11:14:23,75,0.5267,0.22569999999999998
Didn‚Äôt touch it. Didn‚Äôt stress. Now we print.,2025-06-04 11:29:09,57,-0.4215,0.19511333333333336
APLD YOLO,2025-06-04 12:30:45,28,0.2732,0.17244666666666666
14k -> 21k RDDT calls,2025-06-04 12:34:51,51,0.0,0.21057333333333333
Intc,2025-06-04 12:46:15,23,0.0,0.21057333333333333
UNH easiest play of the year,2025-06-04 12:49:26,634,0.6369,0.17151333333333335
Biggest gain ever for me here,2025-06-04 13:12:29,79,0.5267,0.17151333333333335
"Reddit Sues Anthropic, Alleges Unauthorized Use of Site‚Äôs Data",2025-06-04 14:05:01,746,0.0,0.15914
NFLX puts are poetry.,2025-06-04 14:58:31,51,0.0,0.12402666666666669
Taking a shot in the dark,2025-06-04 15:26:06,24,0.0,0.11326666666666668
Thoughts on Lidar stocks in light of Waymo's success,2025-06-04 15:48:59,11,0.5719,0.12050666666666669
What if Peter Beck had the infinity stones with Ultron AI shorting the housing market,2025-06-04 15:49:53,18,0.0,0.09784000000000001
"What Are Your Moves Tomorrow, June 05, 2025",2025-06-04 15:57:08,154,0.0,0.09784000000000001
I'm such a cxm slxt for soxl,2025-06-04 15:57:47,22,0.0,0.06558666666666668
$apld yolo $15k,2025-06-04 16:13:22,51,0.2732,0.06953333333333335
SPY vs SPX,2025-06-04 16:29:22,258,0.0,0.06953333333333335
I'm fucking done. Fuck options.,2025-06-04 16:34:48,4372,-0.5829,0.06953333333333335
"Update: Didn‚Äôt sell yesterday, sold today  still made it out alive üöÄü§ë",2025-06-04 16:42:22,111,0.3818,0.09220000000000002
Dollar Tree Falls 10% on Tariff-Driven Earnings Warning Despite Higher-Income Shopper Surge,2025-06-04 16:58:21,195,-0.34,0.057513333333333354
I think it‚Äôs time for PLTR to come back to earth for a bit,2025-06-04 18:02:48,44,0.0,0.057513333333333354
"In Honor of Losing Emojis - Upscaled Thomas for You to Print, Frame, and Put on Your Desk to Help Watch You Lose Money.",2025-06-04 18:05:39,802,0.1531,0.057513333333333354
I will win,2025-06-04 19:14:18,69,0.5859,0.08420000000000002
$BULL calls,2025-06-04 20:18:31,54,0.0,0.09398000000000002
How cooked am I??,2025-06-04 20:28:52,172,0.0,0.11664666666666669
$HOOD Gains (+$82.6k),2025-06-04 22:57:35,628,0.34,0.20504000000000003
US Labor Department reducing CPI collection sample amid hiring freeze,2025-06-04 23:33:18,1066,0.0516,0.1795866666666667
"Daily Discussion Thread for June 05, 2025",2025-06-05 05:57:19,240,0.0,0.20225333333333334
Cloudflare ($NET) the next $PLTR?,2025-06-05 09:36:35,236,0.0,0.23284000000000002
NBIS $6000 gains overnight!,2025-06-05 09:50:17,32,0.4003,0.22263333333333335
Thank You NVDA and META ! Time to diversify and slow down for the summer. What you all regards think ?,2025-06-05 09:56:26,45,0.4199,0.18357333333333337
$TSLA Puts.. 50% gains in 10 days..,2025-06-05 10:28:43,81,0.34,0.22827333333333338
500% gain on NBIS call. Many thanks to this subreddit.,2025-06-05 10:47:37,179,0.743,0.2576333333333333
$61k TSLA Puts,2025-06-05 10:56:09,932,0.0,0.2678066666666667
my HOOD spy inclusion bet,2025-06-05 11:05:17,59,0.0,0.2643666666666667
"You favorite neo cloud company, NBIS PT 100$",2025-06-05 11:06:36,23,0.4588,0.2643666666666667
Made it out the gulag twice,2025-06-05 11:35:30,86,0.0,0.29495333333333335
Made 100% on $25K RBLX bet in a week,2025-06-05 11:45:00,17,0.0,0.2682666666666667
Lucky or smart?,2025-06-05 12:21:22,48,0.6705,0.2849133333333333
$PLTR PUTS.. Quick 70% Profit,2025-06-05 12:28:00,47,0.4404,0.32148000000000004
It‚Äôs been a good morning!,2025-06-05 12:52:05,94,0.4926,0.3100733333333333
Any body get TSLA put ?,2025-06-05 14:03:58,26,0.0,0.3100733333333333
Even the üåà Mods are making money in this market.,2025-06-05 14:21:22,137,0.0,0.28886
Hmmmm‚Ä¶let‚Äôs call it luck,2025-06-05 14:21:46,11,0.4588,0.27176000000000006
TSLA breakdown = absolute money printer,2025-06-05 14:42:15,489,0.0,0.29442666666666667
"TSLA's put spread strategy resulted in a huge profit of over 230,000$. This operation left me speechless!",2025-06-05 14:48:51,275,0.6696,0.30951333333333336
"My first gain post, thanks for throwing your heart out to the crowd Elon",2025-06-05 14:49:54,36,0.8885,0.26481333333333335
Bears are still alive and well,2025-06-05 15:01:43,24,0.5719,0.23545333333333338
33k TSLA Put,2025-06-05 15:01:51,42,0.0,0.2223466666666667
"Last week bought a bunch of calls, lost 3k. Today i made 5.7k with TSLA puts in 1 hour",2025-06-05 15:11:29,145,-0.3182,0.2464266666666667
Caught the CRWV dump with 140P   $18k gain today. Anyone else riding this AI overhype unwind?,2025-06-05 15:16:00,26,0.2023,0.2464266666666667
"If TSLA pushes my account value above $25,000 can i sell the put i bought today? I already have 3 day trades this week.",2025-06-05 15:22:02,3063,0.34,0.2593266666666667
Should I get out my Tesla 365 calls that expire the 20th? I bought 50k worth when Tesla was at 364,2025-06-05 15:26:31,460,0.2263,0.2834066666666667
what do i do? hold till tomorrow or sell now?,2025-06-05 15:30:32,149,0.0,0.2387666666666667
5k->14k->5k in a few minutes. Do i belong here?,2025-06-05 15:37:30,36,0.0,0.22622000000000003
Switching from options to shares changed everything,2025-06-05 15:45:37,152,0.296,0.21354666666666672
Thank you Elon and trump üôèüôè,2025-06-05 15:57:18,50,0.3612,0.21354666666666672
"What Are Your Moves Tomorrow, June 06, 2025",2025-06-05 15:57:33,235,0.0,0.23476000000000005
Thank you papa musk and trump.$140 to $9k. YOLO,2025-06-05 16:04:20,3035,0.6523,0.22127333333333338
Elon Sneezed and My Puts Doubled  $TSLA Be Like That,2025-06-05 16:08:02,47,0.3612,0.23372000000000004
Keep the beef up,2025-06-05 16:31:24,47,0.0,0.2676
"TSLA 36k gain - played robotaxi, got a public breakup",2025-06-05 16:31:37,233,0.7003,0.28581333333333336
"Lululemon shares tumble 20% as it cuts full-year guidance, citing 'dynamic macroenvironment'",2025-06-05 16:42:38,2278,0.3818,0.28581333333333336
Broadcom beats on earnings and revenue,2025-06-05 16:43:34,49,0.0,0.29460000000000003
Electric,2025-06-05 16:58:30,655,0.0,0.27052000000000004
RKLB go brrrrrr,2025-06-05 17:05:52,362,0.0,0.29460000000000003
$21k Nvidia Gain,2025-06-05 17:07:06,21,0.5267,0.29650000000000004
Thank you mango market! $10k (CAD) gain today,2025-06-05 17:12:05,15,0.7345,0.27242000000000005
RKLB 8k yolo,2025-06-05 17:13:43,64,0.2732,0.32376000000000005
Surfed the drama.,2025-06-05 17:14:13,19,0.0,0.30115333333333333
RKLB YOLO. Destination? Tendieland,2025-06-05 17:22:11,63,0.4278,0.2757
Am I a regard?,2025-06-05 18:59:56,312,0.0,0.2757
Thank you Lulu,2025-06-05 19:13:41,29,0.3612,0.2757
$72.7K Profit on TSLA Puts Today Because Elon Can‚Äôt Help Himself and TSLA Bulls are in a Cult,2025-06-05 19:32:00,452,0.6808,0.3217533333333334
TSLA PUTS & SPY PUTS,2025-06-05 19:51:08,20,0.0,0.28664000000000006
My Put today once I say the ‚ÄúElon I‚Äôm disappointed in you‚Äù :) I sold right before market closed :) I did good!!!,2025-06-05 19:51:09,44,0.7701,0.23767333333333338
Thank You Regards üìà,2025-06-05 20:09:26,80,0.3612,0.18198
Faneto,2025-06-05 22:08:08,80,0.0,0.18198
Scalp both sides of the tornado,2025-06-05 22:58:34,1527,0.0,0.19252000000000002
CRCL IPO GAINZ,2025-06-05 23:52:24,39,0.0,0.2412133333333334
$PY gains from Tuesday to cheer you up,2025-06-06 01:22:49,12,0.6908,0.2569466666666667
Tesla assignment what to do,2025-06-06 02:22:19,997,0.0,0.21156000000000005
"Daily Discussion Thread for June 06, 2025",2025-06-06 05:57:40,238,0.0,0.21156000000000005
"US MAY NONFARM PAYROLLS RISE 139,000, UNEMPLOYMENT 4.2%",2025-06-06 08:36:27,1252,-0.5622,0.1828866666666667
Random gamble paid off I guess ü§∑üèæ‚Äç‚ôÇÔ∏è,2025-06-06 09:48:37,346,0.0,0.14214000000000002
LULU lotto win,2025-06-06 09:50:27,67,0.5859,0.14214000000000002
Zucc gains so good I almost forgot the meta-verse,2025-06-06 09:57:09,48,0.7304,0.16480666666666668
Small goal reached! SPY profit arrived!,2025-06-06 09:58:46,24,0.5972,0.1941666666666667
What should I draw next?,2025-06-06 10:04:22,47,0.0,0.12132000000000004
271% on IQV Calls. Let it cook,2025-06-06 10:22:45,31,0.0,0.16038000000000002
LULU lotto play üíÖ,2025-06-06 10:46:54,121,0.34,0.16038000000000002
300%+ $DOCU Gains - Going to blow it on something stupid,2025-06-06 10:57:26,18,-0.25,0.19786
TSLA Puts into RKLB calls,2025-06-06 11:01:40,26,0.0,0.22596000000000002
"$4000 gains overnight on $DELL, $U, $META, $TOST, $TSLA, $CSX",2025-06-06 11:09:35,14,0.34,0.18690000000000004
MU+IQV = profit taking 12k,2025-06-06 11:15:11,53,0.4404,0.13820666666666667
About 5 years of losses,2025-06-06 11:30:26,560,-0.4019,0.11660666666666669
Successful day at the casino,2025-06-06 11:53:35,122,0.5859,0.11660666666666669
Going to ride the wave back up on Docusign and $Lulu with a bit of vix.,2025-06-06 12:08:17,12,0.0,0.09687333333333337
Wendy‚Äôs application,2025-06-06 12:37:16,102,0.0,0.05012666666666669
Weekly Earnings Thread 6/9 (nice) - 6/13,2025-06-06 12:38:18,260,0.4215,0.06679333333333336
Quantum Super(bad)position,2025-06-06 12:56:26,31,0.0,0.06679333333333336
I finally became a regard.,2025-06-06 13:20:21,85,0.0,0.07222666666666669
Do you believe in MARAcalls? $15k MARA yolo,2025-06-06 13:39:43,25,0.2732,0.04286666666666669
Bought some robinhood option lets go,2025-06-06 14:23:12,26,0.0,0.06966000000000003
Just bought my first yen future on Robinhood. I have no idea what I am doing. How do I exit this position?,2025-06-06 14:23:27,1401,-0.296,0.03060000000000002
Mom and Dad are fighting,2025-06-06 14:46:34,41,-0.3612,0.03060000000000002
SPY 600 Puts,2025-06-06 14:53:48,21,0.0,0.03060000000000002
"$1600-$13,000",2025-06-06 15:10:38,259,0.0,0.002500000000000021
Been lucky last month,2025-06-06 15:27:15,14,0.4215,-0.017233333333333312
"Weekend Discussion Thread for the Weekend of June 06, 2025",2025-06-06 15:57:16,171,0.0,-0.017233333333333312
14k-> 24k RDDT calls,2025-06-06 16:01:27,84,0.0,-0.03544666666666664
Tesla‚Äôs Head of Optimus Program Leaves Company,2025-06-06 16:35:56,1337,0.0,-0.03544666666666664
SP added dow jones,2025-06-06 18:20:19,425,0.0,0.01914666666666669
A little victory,2025-06-06 18:22:01,29,0.0,0.043226666666666684
Did i find a money glitch,2025-06-06 18:42:11,318,0.0,0.06492000000000002
S&P Dow Jones Makes No Changes to S&P 500 in Quarterly Rebalance,2025-06-06 19:14:52,500,-0.296,0.06492000000000003
"As it turns out, buying the dip has consequences",2025-06-06 19:38:54,110,0.0,0.0503066666666667
TIL options can be exercised 1.5 hours after the market closes.,2025-06-06 21:29:53,296,0.0,0.050306666666666694
collecting rent from $GOOGL while I wait for the $175 breakout,2025-06-07 03:20:27,110,0.0,0.10708000000000002
Regard here but still thinks he can figure it out. IM NOT QUITTING!!! I got a Dream job..MAYBE this can turn around,2025-06-07 03:21:53,83,0.5229,0.10708000000000002
#CEG FIRST 10 BAGGER!,2025-06-07 08:06:33,262,0.0,0.13507333333333335
$KSS - 24k USD Call Option YOLO / 10$ strike July 18th,2025-06-07 10:02:17,82,0.3254,0.17673333333333338
"S&P back north of 6,000. WSB bears are seething.",2025-06-07 10:28:44,6457,0.0,0.20525333333333337
"I‚Äôm in recovery, anyone playing MRVL ?",2025-06-07 11:01:46,43,0.2023,0.19440000000000002
Boeing restarts airplane deliveries to China $BA,2025-06-07 12:10:56,208,0.0,0.22292000000000003
$LULU gains... $LULU gains... Just love saying it!,2025-06-07 12:42:14,703,0.8516,0.24700000000000005
This has been a grind.,2025-06-07 15:32:32,1281,0.0,0.24700000000000005
Thank you orange man!,2025-06-07 19:55:37,527,0.4199,0.21214000000000005
why GOOGL (Alphabet) is a great buy right now,2025-06-07 23:04:03,525,0.6249,0.21898666666666672
Seabridge Gold YOLO,2025-06-08 04:09:44,36,0.4278,0.19729333333333338
Tariff cheat code continued,2025-06-08 09:30:15,382,-0.4588,0.22788
HOOD puts YOLO,2025-06-08 09:56:18,365,0.4278,0.21439333333333335
"Powell praying AI paying, boomers buying  and you wanna short this",2025-06-08 10:26:39,631,0.3612,0.18894000000000005
"Godzilla and Shower Formation spotted on Bitcoin Chart, Bought $350k in IBIT Calls",2025-06-08 10:34:42,441,0.0,0.13216666666666668
"What Are Your Moves Tomorrow, June 09, 2025",2025-06-08 15:57:33,266,0.0,0.13216666666666668
I‚Äôll catch a nice dividend and bump in the next couple weeks. Argue with me,2025-06-08 17:45:34,88,0.1027,0.10417333333333338
"Daily Discussion Thread for June 09, 2025",2025-06-09 05:57:27,258,0.0,0.1146066666666667
WWDC is today lock in those APPL calls üòç,2025-06-09 06:06:23,133,0.4588,0.0860866666666667
Warner Bros. Discovery to split into two public companies by next year,2025-06-09 07:04:40,2231,0.0,0.11667333333333336
S&P 500 has only had 1 losing month during the June/July period going back to 2016,2025-06-09 07:38:35,657,-0.3818,0.08815333333333336
Why Sweetgreen Is Undervalued,2025-06-09 08:12:57,49,0.0,0.04434000000000003
Someone on Reddit told me to do this.,2025-06-09 08:42:46,868,0.0,0.04434000000000003
NVDA ATH SOON üöÄ,2025-06-09 09:54:13,216,0.0,0.06842000000000002
"RKLB should have held all 75 contracts. Oh well, Don't feel bad about taking profits, right?",2025-06-09 10:20:13,51,0.7814,0.09093333333333337
Only green today,2025-06-09 12:47:55,104,0.0,0.09093333333333337
My $1 million investment triple up is about to double again,2025-06-09 13:01:43,2681,0.0,0.060346666666666694
Are my PUTS cooked?,2025-06-09 13:03:01,40,0.0,0.09847333333333337
SOMEBODY STOP ME,2025-06-09 13:42:27,6143,-0.296,0.09127333333333336
INTC Nana‚Äôs bag finally turned green today,2025-06-09 13:59:17,178,0.0,0.09127333333333336
Fintech seems like it could have legs for a while and SEZL will be my dark horse for this year and beyond.,2025-06-09 14:25:19,13,0.3612,0.0844266666666667
Simple and Safe WMT entry for all,2025-06-09 15:39:03,11,0.4404,0.08442666666666669
WBD breakup question,2025-06-09 15:42:18,14,0.0,0.03233333333333336
"What Are Your Moves Tomorrow, June 10, 2025",2025-06-09 15:57:37,224,0.0,0.03233333333333336
Saylor loves volatility and so do I. MSTR puts,2025-06-09 16:07:03,31,0.5719,0.03233333333333336
Loss for 4 consecutive months !!!,2025-06-09 16:13:41,142,-0.4898,0.061693333333333364
MRVL still doing work!,2025-06-09 16:23:51,25,0.0,0.0814266666666667
Do I have to pay this or can I just delete the app?,2025-06-09 16:34:51,14846,-0.1027,0.1142666666666667
FINALLY GREEN,2025-06-09 17:01:31,409,0.0,0.09018666666666668
Need advice. Would you hold or sell now ?,2025-06-09 17:22:35,47,0.0,0.06082666666666669
My $4K Day,2025-06-09 17:44:58,33,0.0,0.06082666666666669
RIP,2025-06-09 17:56:04,211,0.0,0.06082666666666669
Nearly $10K Profit on HOOD Today:  Puts and Calls,2025-06-09 17:58:30,81,0.4404,0.02270000000000003
ACHR,2025-06-09 18:45:09,78,0.0,0.0735666666666667
"Welp, Good Bye!",2025-06-09 20:09:07,188,0.4926,0.0735666666666667
Going Short on Apple,2025-06-09 20:45:49,3724,0.0,0.10977333333333336
85% CAGR on my Covid Refunds,2025-06-09 22:03:43,580,0.0,0.10977333333333336
RIVN,2025-06-10 01:45:16,57,0.0,0.13244000000000003
"Daily Discussion Thread for June 10, 2025",2025-06-10 05:57:33,226,0.0,0.13244000000000003
Should you buy the dip? I analyzed all S&P 500 companies to find what happens if we only invest in companies undergoing drawdowns.,2025-06-10 07:34:37,622,0.0,0.10066000000000003
[500K yolo] All in on IONQ after Nvidia collab,2025-06-10 08:40:33,92,0.2732,0.045846666666666695
Is it time to give up on options?,2025-06-10 08:44:31,219,0.0,0.05933333333333336
Good enough to screenshot I sold,2025-06-10 10:05:34,1593,0.4404,0.02649333333333337
GOOG calls up 158%. I was just trying to cover rent‚Ä¶,2025-06-10 10:35:57,3767,0.0,0.02649333333333337
~$150k of $OKLO options gains,2025-06-10 10:58:26,51,0.34,0.0709066666666667
Holding TSLA for tendies!üöÄüåï,2025-06-10 11:32:29,19,0.0,0.0709066666666667
Caught the massive Clifford Candle at 11:30 by accident,2025-06-10 11:43:52,115,-0.4767,0.05582000000000004
CRWV losing OpenAI,2025-06-10 12:08:50,1154,-0.3818,0.05582000000000004
"Elon falling back in line, TSLA gains",2025-06-10 12:15:19,15,0.2023,0.0376066666666667
Deez Donuts!! DNUT,2025-06-10 13:03:39,24,0.0,0.06306000000000003
INTC finally Lip Bu Ting off??!!üöÄüöÄüöÄ,2025-06-10 14:09:01,23,0.0,0.033700000000000035
Time to short semiconductor or is it too early?? Couple other shares. I am taking easy on an options‚Ä¶.,2025-06-10 14:35:59,14,0.6662,0.033700000000000035
C3.ai mass engineer layoff,2025-06-10 14:44:24,28,0.0,0.011033333333333365
Set it and forget it,2025-06-10 15:14:13,74,-0.2263,0.011033333333333365
Bought the dip,2025-06-10 15:24:04,157,0.0,0.09012000000000003
Sell or hold for RoboTaxi event?,2025-06-10 15:33:56,97,0.0,0.12973333333333337
Pray for my Gitlab plz,2025-06-10 15:49:23,15,0.3818,0.1594866666666667
How did I do ?,2025-06-10 15:55:41,16,0.0,0.1594866666666667
"What Are Your Moves Tomorrow, June 11, 2025",2025-06-10 15:58:24,224,0.0,0.1594866666666667
TSLA could break $330 tomorrow,2025-06-10 16:30:38,94,0.0,0.11507333333333336
3 more days to print?,2025-06-10 16:42:10,30,0.0,0.13915333333333335
"It's been a good day in the market, just closed my position for some solid gains.",2025-06-10 16:43:56,26,0.7096,0.17832000000000006
"WeLL dON't Tell anyone but InTEl did it again!   ZIPPERED traded my way into $37,774.00",2025-06-10 17:11:40,257,0.2124,0.20511333333333337
McDonald's shares slip after downgrade spurred by weight-loss drug popularity,2025-06-10 18:21:33,5221,0.6486,0.2291933333333334
Very bullish on Eli Lilly,2025-06-10 18:39:37,19,0.0,0.23226000000000005
Are Robotaxis overhyped?,2025-06-10 19:00:02,294,0.0,0.2549266666666667
Real question is should I go to Ibiza or Mykonos when SPY hits $620 tomorrow?,2025-06-10 19:06:50,191,0.0,0.28172
I like the stock,2025-06-10 19:20:02,34,0.3612,0.28172
Thank you again tesler,2025-06-10 19:28:28,52,0.3612,0.28172
"SBUX rolling out AI to help baristas with notoriously difficult tasks like remembering recipes, reading manuals, and scheduling shifts",2025-06-10 19:39:07,64,0.4019,0.23441333333333336
US and China Agree to a Framework for Talks about Ideas for Talks for Negotiations on Frameworks for Starting Talks About a Deal,2025-06-10 19:46:00,2002,0.3612,0.22025333333333336
14k TEM YOLO,2025-06-10 20:08:44,13,0.4278,0.2121266666666667
At what point should i consider exercising options? Deep ITM gains,2025-06-10 20:35:58,25,0.34,0.2121266666666667
"Nut Before You Buy: Ditch the Pre-Nut Delusion, Trade with Post-Nut Clarity?",2025-06-10 21:27:38,396,0.4019,0.2121266666666667
Bonds Auction,2025-06-10 21:46:40,221,0.0,0.2406466666666667
"Daily Discussion Thread for June 11, 2025",2025-06-11 05:57:28,502,0.0,0.24592666666666668
CPI for all items rises 0.1% in May; shelter up. Lighter than expected,2025-06-11 08:32:39,585,0.0,0.23693333333333336
Chime IPO is finally happening June 12 (Ticker: CHYM),2025-06-11 09:26:33,90,0.0,0.24192000000000002
TSLL $4k gain in 2 days,2025-06-11 09:35:53,18,0.5267,0.2360533333333334
TESLA TENDIES $7k ‚Äî> $15k,2025-06-11 09:47:12,24,0.0,0.20753333333333338
YTD chart goes regarded,2025-06-11 09:49:19,43,0.0,0.1848666666666667
$0.5M YOLO on CRCL,2025-06-11 09:51:25,35,0.4278,0.15807333333333334
Had a good year for once,2025-06-11 09:54:17,213,0.4404,0.19211333333333336
$TMC: Trumps Executive Order Makes Deep Sea Mining The Next Big Thing With 16 Trillion Dollars Worth Of Untapped Minerals,2025-06-11 10:03:33,1846,0.2263,0.2175666666666667
Shutterstock Receives Stockholder Approval for Proposed Merger with Getty Images,2025-06-11 10:27:11,13,0.4767,0.2175666666666667
PLTR yolo,2025-06-11 10:37:47,1194,0.2732,0.2175666666666667
Snagged $28k on Intel Puts Overnight,2025-06-11 10:42:58,306,0.0,0.1918266666666667
CRWD saving me,2025-06-11 10:58:22,19,0.0,0.1918266666666667
SMR tendies (not selling),2025-06-11 11:13:15,15,0.0,0.1918266666666667
First ones free,2025-06-11 11:33:54,44,0.5106,0.1633066666666667
Discovering Opportunities In ‚ÄúSuperlongs‚Äù,2025-06-11 12:37:03,62,0.3818,0.1339466666666667
+63% in 6 weeks,2025-06-11 13:02:19,54,0.0,0.11886000000000004
Voyager Technologies (VOYG) IPO,2025-06-11 13:18:03,74,0.0,0.11766666666666668
"1 mil yolo guy bailed, but I'm still here..",2025-06-11 13:38:17,92,0.1406,0.09945333333333337
This one‚Äôs for Nana,2025-06-11 14:40:31,135,0.0,0.11766666666666671
am i diversified enough,2025-06-11 15:38:11,109,0.0,0.16667333333333337
"What Are Your Moves Tomorrow, June 12, 2025",2025-06-11 15:57:35,450,0.0,0.16152666666666668
Oklo Surges 30% on ‚ÄòMission-Critical‚Äô Air Force Contract,2025-06-11 16:02:58,204,0.0,0.14570000000000002
IONQ +18K,2025-06-11 17:13:46,20,0.0,0.0770066666666667
"Oracle shares climb 8% as earnings, revenue top estimates",2025-06-11 18:06:29,269,0.4588,0.1141666666666667
I did one thing. smci slapped. soun didn't. tsla is tsla.,2025-06-11 18:27:17,16,0.0,0.1141666666666667
SPY YOLO,2025-06-11 19:06:26,89,0.2732,0.10479333333333335
"I‚Äôm loyal to the game, and the game is loyal to me too",2025-06-11 19:41:58,1576,0.7351,0.12600666666666668
Treasury Yield Crossing 5%. What are the implications and risks,2025-06-11 20:32:16,525,-0.0772,0.12600666666666668
AMZN AWS YOLO,2025-06-11 20:59:49,18,0.2732,0.12600666666666668
Swing trading gone wrong: I literally timed the bottom and sold lower than Google's graph,2025-06-11 22:23:06,109,-0.6486,0.12600666666666668
A less regarded way to play IonQ CEO shares sell off.,2025-06-11 22:32:23,210,0.5574,0.14867333333333335
Will deleting Robinhood make it go away?,2025-06-11 22:50:23,12239,0.0,0.1180866666666667
Grab Prices Upsized $1.5 Billion Convertible Notes Offering,2025-06-11 23:06:41,14,0.0,0.14216666666666672
IonQ to buy Oxford Ionics for $1.08 billion to expand quantum computing research,2025-06-12 00:59:14,30,0.3182,0.08780000000000003
"Daily Discussion Thread for June 12, 2025",2025-06-12 05:57:29,442,0.0,0.03879333333333337
Am I doing this whole straddle thing right?,2025-06-12 09:53:02,1955,0.0,0.04394000000000004
Sell or let it run?,2025-06-12 10:43:34,361,0.0,0.0257266666666667
$NVO - Gains - Not Selling,2025-06-12 11:17:34,47,0.34,0.09442000000000002
BA calls üìû,2025-06-12 11:21:30,80,0.0,0.057260000000000026
Going to hold till expiration I think. Would anyone like to comment on my tarded DD.,2025-06-12 11:45:11,16,0.3612,0.07547333333333336
Fuck your memes [DD],2025-06-12 11:49:02,249,-0.5423,0.1105866666666667
MRK (Merck) DD To TendieTown,2025-06-12 12:47:28,35,0.0,0.08937333333333336
Chime ( NASDAQ: CHYM) Has Officially Began Trading,2025-06-12 13:01:36,82,0.0,0.06529333333333337
"What Are Your Moves Tomorrow, June 13, 2025",2025-06-12 15:57:32,389,0.0,0.06529333333333337
Coinbase beefs up subscription plan by offering it with American Express credit card,2025-06-12 16:20:26,108,0.3818,0.09465333333333335
Apple delays Siri AI upgrade to Spring 2026,2025-06-12 16:54:29,292,0.0,0.0719866666666667
RDDT yolo for earnings.,2025-06-12 17:10:30,39,0.2732,0.10491333333333337
UNH $$$ day gain $50 K,2025-06-12 17:40:24,103,0.5267,0.08083333333333335
I borrowed $5M to invest. Should I borrow more?,2025-06-12 17:56:36,1518,0.0,0.1410666666666667
"[Axios] Israel strikes Iran: Explosions in Tehran, sirens in Israel",2025-06-12 20:17:06,4990,-0.3612,0.1631266666666667
Bought some puts midday today,2025-06-12 20:40:20,210,0.0,0.12316666666666669
+58k thanks to Israel,2025-06-12 21:27:33,114,0.4404,0.08320666666666669
"Bought 1dte spy puts, will these print?",2025-06-12 21:32:45,1425,0.0,0.0350866666666667
"PSA: If you have massive put positions or calls on defense stocks, you might want to hedge overnight to lock in gains.",2025-06-12 21:38:41,23,0.4939,0.0350866666666667
Are we all posting out puts?,2025-06-12 22:20:49,55,0.0,-0.02125333333333331
Thoughts üòÖ,2025-06-12 22:27:50,12,0.3612,-0.05636666666666665
What could these be worth if we this low üò≥ [$14K YOLO],2025-06-12 23:00:39,92,0.3309,-0.03663333333333331
PLTR + War = Printing?,2025-06-12 23:23:14,48,-0.5994,-0.012553333333333312
War is back; Netanyahu brings food for bears.,2025-06-13 00:39:55,222,-0.5994,0.028253333333333353
(CVNA) These might go crazy tomorrow,2025-06-13 02:09:19,26,-0.34,0.03695333333333335
Open the fucking casino!,2025-06-13 02:36:35,402,0.0,0.03695333333333335
I hate this game sometimes,2025-06-13 05:14:14,301,-0.5719,0.004026666666666682
"Daily Discussion Thread for June 13, 2025",2025-06-13 05:57:28,278,0.0,0.004026666666666682
Archer Aviation (ACHR) raises $850M in private stock offering at $10.00 a share,2025-06-13 07:42:47,495,0.296,-0.0018399999999999862
I left just a few dollars on the table /s,2025-06-13 08:14:48,18,0.0,-0.023899999999999987
NuScale (SMR): The nuclear plays that's actually not retarded,2025-06-13 08:21:37,52,0.6121,0.03872666666666668
June has been very kind to me,2025-06-13 08:53:53,160,0.5709,0.09217333333333337
Weekly Earnings Thread 6/16 - 6/20,2025-06-13 09:24:43,93,0.0,0.11484000000000003
BBB bet aug 1st exp,2025-06-13 09:35:20,13,0.0,0.1375066666666667
Closing the screen today,2025-06-13 09:50:29,147,0.0,0.17563333333333334
YOLO,2025-06-13 10:20:25,15,0.2732,0.17563333333333334
All in on the $kss train,2025-06-13 10:27:39,19,0.0,0.2012866666666667
What's the Play if Iran shuts down the Strait of Hormuz?,2025-06-13 10:42:25,906,0.34,0.2012866666666667
bOuGhT the ToP,2025-06-13 11:03:05,46,0.2023,0.16048000000000004
Quick SPY scalp to close the week,2025-06-13 11:38:56,14,0.0,0.12242000000000003
Flipping APLD Puts at $13 gains $13k,2025-06-13 12:04:52,35,0.34,0.12242000000000003
QQQ going to take a pause here,2025-06-13 12:47:25,14,0.0,0.15753333333333336
100k into UNH - sold my house and kids,2025-06-13 12:56:51,1273,0.0,0.1757466666666667
Just kidding I love this game,2025-06-13 13:13:51,59,0.6808,0.10774000000000002
1dte SPY and QQQ,2025-06-13 13:25:27,34,0.0,0.07158666666666669
GOOGLE IT,2025-06-13 13:36:32,26,0.0,0.07482000000000004
Thought I was cooking.,2025-06-13 13:45:15,67,0.0,0.06133333333333336
I am the oracle of Omaha,2025-06-13 13:52:24,2856,0.0,0.06133333333333336
"TSLL Gain, don‚Äôt listen to Reddit",2025-06-13 13:54:49,68,0.5267,0.05840000000000002
700 $602 SPY puts bought Thursday afternoon. Friday the 13th yolo,2025-06-13 13:56:43,818,0.2732,0.045046666666666686
"Intend for tariff deadline, but war works..",2025-06-13 14:39:35,65,-0.7469,0.045046666666666686
Ah fuck,2025-06-13 14:47:47,129,-0.5423,-0.0003399999999999755
YOLO #2 DID IT AGAIN üòÇüò≠,2025-06-13 15:21:00,124,0.3885,-0.0071866666666666424
"Weekend Discussion Thread for the Weekend of June 13, 2025",2025-06-13 15:57:34,220,0.0,-0.0071866666666666424
+22k CVNA short,2025-06-13 16:18:55,32,0.0,-0.0071866666666666424
Archer drops about 15% on $850 million share sale following Trump air taxi pilot program,2025-06-13 16:24:03,736,0.296,-0.0071866666666666424
$250 -> $4k Yay war! ü•¥,2025-06-13 16:35:22,320,-0.2003,-0.018219999999999972
Buy the dip,2025-06-13 16:49:44,51,0.0,-0.036433333333333304
Road to Recovery - 70.8% DAY,2025-06-13 17:17:49,293,0.0,0.013360000000000023
Hit 100k the hard way today,2025-06-13 17:44:18,60,-0.1027,0.07803333333333336
TGI Fridays,2025-06-13 17:55:03,18,0.0,0.04192666666666668
Am I cooked,2025-06-13 18:02:59,175,0.0,0.04192666666666668
Using CVNA puts to buy a V10 R8 in August,2025-06-13 18:27:51,238,0.0,0.04192666666666668
I'm the Mini Oracle of Omaha ? üòÄ,2025-06-13 21:25:56,65,0.3612,-0.017766666666666642
Am i cooked?,2025-06-13 21:43:47,33,0.0,-0.004413333333333308
Hit the V lotto (7000%),2025-06-13 22:02:15,1260,0.0,0.01966666666666669
Am I cooked? [32K+ $AAPL YOLO],2025-06-14 01:52:18,133,0.4278,0.019666666666666697
Valhalla or Wendy‚Äôs dumpster?,2025-06-14 11:59:39,48,-0.1531,0.055873333333333365
My Biggest Recovery In A Single Day,2025-06-14 13:14:03,251,0.0,0.09670000000000004
Cooked this week?,2025-06-14 18:39:37,65,0.0,0.09670000000000004
War with Iran. Which are your stocks to bet?,2025-06-14 18:42:21,515,-0.5994,0.09670000000000004
What do y'all think,2025-06-14 18:44:00,72,0.0,0.0777666666666667
Ready for Monday,2025-06-14 18:53:08,105,0.3612,0.0777666666666667
Went for round 2 on Friday,2025-06-14 19:25:06,161,0.0,0.0777666666666667
Am I worthy to be here?,2025-06-14 22:32:41,96,0.4404,0.0492466666666667
What's the smartest (or dumbest-but-it-worked) way you've ever made money in the stock market?,2025-06-15 07:07:18,897,0.6124,0.08624666666666671
Cooked? Banking on a Monday draw down to spy 590 and QQQ 520,2025-06-15 12:39:23,155,0.0,0.11683333333333336
"What Are Your Moves Tomorrow, June 16, 2025",2025-06-15 15:57:31,218,0.0,0.11683333333333336
Finally profitable after 8 years and losing 30k. Hang in there boys.,2025-06-15 16:37:43,2596,0.0772,0.1750066666666667
$ACDC: Near-term 100 Bagger on Oil,2025-06-15 23:21:53,303,0.0,0.1750066666666667
HIMS little bro,2025-06-15 23:22:31,102,0.0,0.1509266666666667
"Daily Discussion Thread for June 16, 2025",2025-06-16 05:57:32,220,0.0,0.1509266666666667
Reddit unveils AI-driven ad tools to help brands tap into user discussions,2025-06-16 08:41:25,225,0.4019,0.09346666666666671
Grateful üôèüèº,2025-06-16 09:56:38,102,0.4588,0.012680000000000032
Someone pull me out the mud,2025-06-16 10:06:24,139,0.0,0.012680000000000032
PLTR yolo. Sold some.,2025-06-16 10:20:08,200,0.2732,-0.0234733333333333
Eh,2025-06-16 10:24:31,125,0.0,0.017433333333333363
$8k in 30 minutes ‚úÖüí∞,2025-06-16 10:31:12,841,0.0,0.01800000000000003
palantir millionaire in <8months,2025-06-16 10:32:45,14242,0.0,0.03621333333333336
Finally broke even on my AMD options,2025-06-16 10:56:03,88,-0.4215,0.03621333333333336
I guess war is bullish,2025-06-16 11:21:24,1449,-0.5994,-0.0007866666666666355
"$INSM $678 -> $3,006",2025-06-16 12:28:45,17,0.0,-0.0313733333333333
Were these bad calls?,2025-06-16 12:53:00,45,-0.5423,-0.008706666666666633
"Another nice SPY scalp today, $10k profit",2025-06-16 14:10:32,20,0.6908,-0.008706666666666633
VOYG YOLO Space / Weapons / AI and PLTR backed,2025-06-16 14:37:52,18,0.0085,0.0110266666666667
CRCL YOLO,2025-06-16 14:52:26,33,0.2732,0.0110266666666667
Could Have Been A Rough Day 603/605 & 604/606 Spy,2025-06-16 15:11:00,50,0.0,0.0110266666666667
See you guys at the dumpster,2025-06-16 15:20:08,312,-0.1531,0.03912666666666669
"What Are Your Moves Tomorrow, June 17, 2025",2025-06-16 15:57:46,227,0.0,0.07908666666666671
AMD/TSLA Gains,2025-06-16 16:08:41,49,0.34,0.07908666666666671
ACHR YOLO,2025-06-16 16:32:31,77,0.2732,0.14376000000000003
Closed out my 1000 share PLTR position,2025-06-16 17:56:22,153,0.296,0.13282000000000005
Gambling,2025-06-16 18:41:53,56,0.0,0.13225333333333336
"$614 -> $18,700 in 3 months with SPY/RDDT/VXX calls. Taking a break and withdrawing.",2025-06-16 19:34:14,321,0.0,0.13225333333333336
It went down so I doubled up today..,2025-06-16 20:38:41,225,0.0,0.1590466666666667
Almost a HOOD millionaire,2025-06-16 22:08:36,2433,0.0,0.16925333333333334
ACCOUNT STATUS - From $437 to $120k plus starting in May. Now June.,2025-06-16 22:59:31,1539,0.0,0.18434000000000003
"Am I cooked, I‚Äôm always cooked ü§¶üèª [12K YOLO]",2025-06-16 23:58:34,35,0.4278,0.16167333333333336
Quick >100% gain on QQQ calls,2025-06-17 00:36:53,81,0.5267,0.14346000000000003
"Daily Discussion Thread for June 17, 2025",2025-06-17 05:57:24,217,0.0,0.1636866666666667
CLBR YOLO,2025-06-17 08:00:19,68,0.2732,0.1636866666666667
"Sunrun -35%, SolarEdge -30%, First Solar -16% as Senate Bill Cuts Green Incentives, EV Credit Ends Early",2025-06-17 09:19:56,275,0.4019,0.17389333333333337
First Solar puts go in the money,2025-06-17 09:37:43,194,0.0,0.17389333333333337
I had an opportunity when they IPO'd but didnt buy in. But its not too late to try again. $Rddt.,2025-06-17 09:57:18,77,0.2263,0.15568
Quarter Milly in META,2025-06-17 10:04:40,13,0.0,0.2010666666666667
"Another quick SPY scalp, +$5k",2025-06-17 11:18:04,60,0.0,0.2150066666666667
Beautiful day.,2025-06-17 11:37:59,58,0.5994,0.17989333333333338
Sold $google and now I am all in $aapl after much consideration.,2025-06-17 12:08:04,1146,0.0,0.17989333333333338
LMT will build your fighter jet to the moon,2025-06-17 13:16:00,13,0.1531,0.16168000000000005
Midas Touch,2025-06-17 14:00:39,148,0.0,0.1348866666666667
Natural disasters 3 years from now are going to be priced in,2025-06-17 14:17:08,1345,-0.2732,0.16298666666666672
My only desire in life is to be highly regarded. I do good?,2025-06-17 15:01:56,20,0.6808,0.19260000000000002
SPY Credit Spreads on the way up and Put Credit Spreads on the way down,2025-06-17 15:08:04,160,0.6369,0.19260000000000002
Double up,2025-06-17 15:16:04,23,0.0,0.19260000000000002
had to visit the goats gravesite,2025-06-17 15:33:39,1244,0.0,
"What Are Your Moves Tomorrow, June 18, 2025",2025-06-17 15:57:34,129,0.0,
Man,2025-06-17 16:06:07,35,0.0,
Been a lucky June so far,2025-06-17 16:06:11,83,0.4215,
"YOLO‚Äôd my way through Nvidia highs, Boeing lows, and Dell‚Äôs emotional support. üòéüìâüíÄ",2025-06-17 16:31:42,18,0.6705,
Who caught the $SPX Put today?,2025-06-17 17:50:31,45,0.0,
RIP my Trading Career 6/13-6/27,2025-06-17 18:49:19,43,0.0,
